"filename", "language", "SCSS", "JavaScript", "Vue.js", "JSON", "Markdown", "HTML", "CSS", "XML", "Python", "Excel", "CSV", "comment", "blank", "total"
"/Users/zhangyiyao/Desktop/project/firstapp/.postcssrc.js", "JavaScript", 0, 7, 0, 0, 0, 0, 0, 0, 0, 0, 0, 2, 2, 11
"/Users/zhangyiyao/Desktop/project/firstapp/README.md", "Markdown", 0, 0, 0, 0, 20, 0, 0, 0, 0, 0, 0, 0, 11, 31
"/Users/zhangyiyao/Desktop/project/firstapp/build/build.js", "JavaScript", 0, 35, 0, 0, 0, 0, 0, 0, 0, 0, 0, 0, 7, 42
"/Users/zhangyiyao/Desktop/project/firstapp/build/check-versions.js", "JavaScript", 0, 45, 0, 0, 0, 0, 0, 0, 0, 0, 0, 0, 10, 55
"/Users/zhangyiyao/Desktop/project/firstapp/build/utils.js", "JavaScript", 0, 80, 0, 0, 0, 0, 0, 0, 0, 0, 0, 5, 17, 102
"/Users/zhangyiyao/Desktop/project/firstapp/build/vue-loader.conf.js", "JavaScript", 0, 21, 0, 0, 0, 0, 0, 0, 0, 0, 0, 0, 2, 23
"/Users/zhangyiyao/Desktop/project/firstapp/build/webpack.base.conf.js", "JavaScript", 0, 88, 0, 0, 0, 0, 0, 0, 0, 0, 0, 8, 3, 99
"/Users/zhangyiyao/Desktop/project/firstapp/build/webpack.dev.conf.js", "JavaScript", 0, 90, 0, 0, 0, 0, 0, 0, 0, 0, 0, 12, 7, 109
"/Users/zhangyiyao/Desktop/project/firstapp/build/webpack.prod.conf.js", "JavaScript", 0, 118, 0, 0, 0, 0, 0, 0, 0, 0, 0, 24, 8, 150
"/Users/zhangyiyao/Desktop/project/firstapp/config/dev.env.js", "JavaScript", 0, 6, 0, 0, 0, 0, 0, 0, 0, 0, 0, 0, 2, 8
"/Users/zhangyiyao/Desktop/project/firstapp/config/index.js", "JavaScript", 0, 29, 0, 0, 0, 0, 0, 0, 0, 0, 0, 25, 14, 68
"/Users/zhangyiyao/Desktop/project/firstapp/config/prod.env.js", "JavaScript", 0, 4, 0, 0, 0, 0, 0, 0, 0, 0, 0, 0, 1, 5
"/Users/zhangyiyao/Desktop/project/firstapp/config/test.env.js", "JavaScript", 0, 6, 0, 0, 0, 0, 0, 0, 0, 0, 0, 0, 2, 8
"/Users/zhangyiyao/Desktop/project/firstapp/index.html", "HTML", 0, 0, 0, 0, 0, 11, 0, 0, 0, 0, 0, 1, 1, 13
"/Users/zhangyiyao/Desktop/project/firstapp/package-lock.json", "JSON", 0, 0, 0, 37093, 0, 0, 0, 0, 0, 0, 0, 0, 1, 37094
"/Users/zhangyiyao/Desktop/project/firstapp/package.json", "JSON", 0, 0, 0, 88, 0, 0, 0, 0, 0, 0, 0, 0, 1, 89
"/Users/zhangyiyao/Desktop/project/firstapp/src/App.vue", "Vue.js", 0, 0, 22, 0, 0, 0, 0, 0, 0, 0, 0, 1, 3, 26
"/Users/zhangyiyao/Desktop/project/firstapp/src/assets/css/global.css", "CSS", 0, 0, 0, 0, 0, 0, 5, 0, 0, 0, 0, 1, 0, 6
"/Users/zhangyiyao/Desktop/project/firstapp/src/assets/icons/index.js", "JavaScript", 0, 6, 0, 0, 0, 0, 0, 0, 0, 0, 0, 1, 3, 10
"/Users/zhangyiyao/Desktop/project/firstapp/src/assets/icons/svg/404.svg", "XML", 0, 0, 0, 0, 0, 0, 0, 1, 0, 0, 0, 0, 0, 1
"/Users/zhangyiyao/Desktop/project/firstapp/src/assets/icons/svg/bug.svg", "XML", 0, 0, 0, 0, 0, 0, 0, 1, 0, 0, 0, 0, 0, 1
"/Users/zhangyiyao/Desktop/project/firstapp/src/assets/icons/svg/chart.svg", "XML", 0, 0, 0, 0, 0, 0, 0, 1, 0, 0, 0, 0, 0, 1
"/Users/zhangyiyao/Desktop/project/firstapp/src/assets/icons/svg/clipboard.svg", "XML", 0, 0, 0, 0, 0, 0, 0, 1, 0, 0, 0, 0, 0, 1
"/Users/zhangyiyao/Desktop/project/firstapp/src/assets/icons/svg/component.svg", "XML", 0, 0, 0, 0, 0, 0, 0, 1, 0, 0, 0, 0, 0, 1
"/Users/zhangyiyao/Desktop/project/firstapp/src/assets/icons/svg/dashboard.svg", "XML", 0, 0, 0, 0, 0, 0, 0, 1, 0, 0, 0, 0, 0, 1
"/Users/zhangyiyao/Desktop/project/firstapp/src/assets/icons/svg/documentation.svg", "XML", 0, 0, 0, 0, 0, 0, 0, 1, 0, 0, 0, 0, 0, 1
"/Users/zhangyiyao/Desktop/project/firstapp/src/assets/icons/svg/drag.svg", "XML", 0, 0, 0, 0, 0, 0, 0, 1, 0, 0, 0, 0, 0, 1
"/Users/zhangyiyao/Desktop/project/firstapp/src/assets/icons/svg/edit.svg", "XML", 0, 0, 0, 0, 0, 0, 0, 1, 0, 0, 0, 0, 0, 1
"/Users/zhangyiyao/Desktop/project/firstapp/src/assets/icons/svg/education.svg", "XML", 0, 0, 0, 0, 0, 0, 0, 1, 0, 0, 0, 0, 0, 1
"/Users/zhangyiyao/Desktop/project/firstapp/src/assets/icons/svg/email.svg", "XML", 0, 0, 0, 0, 0, 0, 0, 1, 0, 0, 0, 0, 0, 1
"/Users/zhangyiyao/Desktop/project/firstapp/src/assets/icons/svg/example.svg", "XML", 0, 0, 0, 0, 0, 0, 0, 1, 0, 0, 0, 0, 0, 1
"/Users/zhangyiyao/Desktop/project/firstapp/src/assets/icons/svg/excel.svg", "XML", 0, 0, 0, 0, 0, 0, 0, 1, 0, 0, 0, 0, 0, 1
"/Users/zhangyiyao/Desktop/project/firstapp/src/assets/icons/svg/exit-fullscreen.svg", "XML", 0, 0, 0, 0, 0, 0, 0, 1, 0, 0, 0, 0, 0, 1
"/Users/zhangyiyao/Desktop/project/firstapp/src/assets/icons/svg/eye-open.svg", "XML", 0, 0, 0, 0, 0, 0, 0, 1, 0, 0, 0, 0, 0, 1
"/Users/zhangyiyao/Desktop/project/firstapp/src/assets/icons/svg/eye.svg", "XML", 0, 0, 0, 0, 0, 0, 0, 1, 0, 0, 0, 0, 0, 1
"/Users/zhangyiyao/Desktop/project/firstapp/src/assets/icons/svg/form.svg", "XML", 0, 0, 0, 0, 0, 0, 0, 1, 0, 0, 0, 0, 0, 1
"/Users/zhangyiyao/Desktop/project/firstapp/src/assets/icons/svg/fullscreen.svg", "XML", 0, 0, 0, 0, 0, 0, 0, 1, 0, 0, 0, 0, 0, 1
"/Users/zhangyiyao/Desktop/project/firstapp/src/assets/icons/svg/guide.svg", "XML", 0, 0, 0, 0, 0, 0, 0, 1, 0, 0, 0, 0, 0, 1
"/Users/zhangyiyao/Desktop/project/firstapp/src/assets/icons/svg/icon.svg", "XML", 0, 0, 0, 0, 0, 0, 0, 1, 0, 0, 0, 0, 0, 1
"/Users/zhangyiyao/Desktop/project/firstapp/src/assets/icons/svg/international.svg", "XML", 0, 0, 0, 0, 0, 0, 0, 1, 0, 0, 0, 0, 0, 1
"/Users/zhangyiyao/Desktop/project/firstapp/src/assets/icons/svg/language.svg", "XML", 0, 0, 0, 0, 0, 0, 0, 1, 0, 0, 0, 0, 0, 1
"/Users/zhangyiyao/Desktop/project/firstapp/src/assets/icons/svg/link.svg", "XML", 0, 0, 0, 0, 0, 0, 0, 1, 0, 0, 0, 0, 0, 1
"/Users/zhangyiyao/Desktop/project/firstapp/src/assets/icons/svg/list.svg", "XML", 0, 0, 0, 0, 0, 0, 0, 1, 0, 0, 0, 0, 0, 1
"/Users/zhangyiyao/Desktop/project/firstapp/src/assets/icons/svg/lock.svg", "XML", 0, 0, 0, 0, 0, 0, 0, 1, 0, 0, 0, 0, 0, 1
"/Users/zhangyiyao/Desktop/project/firstapp/src/assets/icons/svg/message.svg", "XML", 0, 0, 0, 0, 0, 0, 0, 1, 0, 0, 0, 0, 0, 1
"/Users/zhangyiyao/Desktop/project/firstapp/src/assets/icons/svg/money.svg", "XML", 0, 0, 0, 0, 0, 0, 0, 1, 0, 0, 0, 0, 0, 1
"/Users/zhangyiyao/Desktop/project/firstapp/src/assets/icons/svg/nested.svg", "XML", 0, 0, 0, 0, 0, 0, 0, 1, 0, 0, 0, 0, 0, 1
"/Users/zhangyiyao/Desktop/project/firstapp/src/assets/icons/svg/password.svg", "XML", 0, 0, 0, 0, 0, 0, 0, 1, 0, 0, 0, 0, 0, 1
"/Users/zhangyiyao/Desktop/project/firstapp/src/assets/icons/svg/pdf.svg", "XML", 0, 0, 0, 0, 0, 0, 0, 1, 0, 0, 0, 0, 0, 1
"/Users/zhangyiyao/Desktop/project/firstapp/src/assets/icons/svg/people.svg", "XML", 0, 0, 0, 0, 0, 0, 0, 1, 0, 0, 0, 0, 0, 1
"/Users/zhangyiyao/Desktop/project/firstapp/src/assets/icons/svg/peoples.svg", "XML", 0, 0, 0, 0, 0, 0, 0, 1, 0, 0, 0, 0, 0, 1
"/Users/zhangyiyao/Desktop/project/firstapp/src/assets/icons/svg/qq.svg", "XML", 0, 0, 0, 0, 0, 0, 0, 1, 0, 0, 0, 0, 0, 1
"/Users/zhangyiyao/Desktop/project/firstapp/src/assets/icons/svg/search.svg", "XML", 0, 0, 0, 0, 0, 0, 0, 1, 0, 0, 0, 0, 0, 1
"/Users/zhangyiyao/Desktop/project/firstapp/src/assets/icons/svg/shopping.svg", "XML", 0, 0, 0, 0, 0, 0, 0, 1, 0, 0, 0, 0, 0, 1
"/Users/zhangyiyao/Desktop/project/firstapp/src/assets/icons/svg/size.svg", "XML", 0, 0, 0, 0, 0, 0, 0, 1, 0, 0, 0, 0, 0, 1
"/Users/zhangyiyao/Desktop/project/firstapp/src/assets/icons/svg/skill.svg", "XML", 0, 0, 0, 0, 0, 0, 0, 1, 0, 0, 0, 0, 0, 1
"/Users/zhangyiyao/Desktop/project/firstapp/src/assets/icons/svg/star.svg", "XML", 0, 0, 0, 0, 0, 0, 0, 1, 0, 0, 0, 0, 0, 1
"/Users/zhangyiyao/Desktop/project/firstapp/src/assets/icons/svg/tab.svg", "XML", 0, 0, 0, 0, 0, 0, 0, 1, 0, 0, 0, 0, 0, 1
"/Users/zhangyiyao/Desktop/project/firstapp/src/assets/icons/svg/table.svg", "XML", 0, 0, 0, 0, 0, 0, 0, 1, 0, 0, 0, 0, 0, 1
"/Users/zhangyiyao/Desktop/project/firstapp/src/assets/icons/svg/theme.svg", "XML", 0, 0, 0, 0, 0, 0, 0, 1, 0, 0, 0, 0, 0, 1
"/Users/zhangyiyao/Desktop/project/firstapp/src/assets/icons/svg/tree-table.svg", "XML", 0, 0, 0, 0, 0, 0, 0, 1, 0, 0, 0, 0, 0, 1
"/Users/zhangyiyao/Desktop/project/firstapp/src/assets/icons/svg/tree.svg", "XML", 0, 0, 0, 0, 0, 0, 0, 1, 0, 0, 0, 0, 0, 1
"/Users/zhangyiyao/Desktop/project/firstapp/src/assets/icons/svg/user.svg", "XML", 0, 0, 0, 0, 0, 0, 0, 1, 0, 0, 0, 0, 0, 1
"/Users/zhangyiyao/Desktop/project/firstapp/src/assets/icons/svg/wechat.svg", "XML", 0, 0, 0, 0, 0, 0, 0, 1, 0, 0, 0, 0, 0, 1
"/Users/zhangyiyao/Desktop/project/firstapp/src/assets/icons/svg/zip.svg", "XML", 0, 0, 0, 0, 0, 0, 0, 1, 0, 0, 0, 0, 0, 1
"/Users/zhangyiyao/Desktop/project/firstapp/src/charts/CumulativeReturn1.vue", "Vue.js", 0, 0, 343, 0, 0, 0, 0, 0, 0, 0, 0, 16, 4, 363
"/Users/zhangyiyao/Desktop/project/firstapp/src/charts/CumulativeReturn2.vue", "Vue.js", 0, 0, 387, 0, 0, 0, 0, 0, 0, 0, 0, 16, 2, 405
"/Users/zhangyiyao/Desktop/project/firstapp/src/charts/GroupReturn.vue", "Vue.js", 0, 0, 279, 0, 0, 0, 0, 0, 0, 0, 0, 16, 4, 299
"/Users/zhangyiyao/Desktop/project/firstapp/src/charts/KChart.vue", "Vue.js", 0, 0, 317, 0, 0, 0, 0, 0, 0, 0, 0, 1, 3, 321
"/Users/zhangyiyao/Desktop/project/firstapp/src/charts/MonthlyIC.vue", "Vue.js", 0, 0, 122, 0, 0, 0, 0, 0, 0, 0, 0, 0, 4, 126
"/Users/zhangyiyao/Desktop/project/firstapp/src/charts/PredAutocorr.vue", "Vue.js", 0, 0, 200, 0, 0, 0, 0, 0, 0, 0, 0, 16, 8, 224
"/Users/zhangyiyao/Desktop/project/firstapp/src/charts/PredictChart.vue", "Vue.js", 0, 0, 207, 0, 0, 0, 0, 0, 0, 0, 0, 17, 3, 227
"/Users/zhangyiyao/Desktop/project/firstapp/src/charts/RiskAnalysis.vue", "Vue.js", 0, 0, 98, 0, 0, 0, 0, 0, 0, 0, 0, 29, 2, 129
"/Users/zhangyiyao/Desktop/project/firstapp/src/charts/ScoreIC.vue", "Vue.js", 0, 0, 213, 0, 0, 0, 0, 0, 0, 0, 0, 16, 3, 232
"/Users/zhangyiyao/Desktop/project/firstapp/src/components/Car.vue", "Vue.js", 0, 0, 53, 0, 0, 0, 0, 0, 0, 0, 0, 22, 8, 83
"/Users/zhangyiyao/Desktop/project/firstapp/src/components/ForgetPassword.vue", "Vue.js", 0, 0, 283, 0, 0, 0, 0, 0, 0, 0, 0, 9, 6, 298
"/Users/zhangyiyao/Desktop/project/firstapp/src/components/Login.vue", "Vue.js", 0, 0, 231, 0, 0, 0, 0, 0, 0, 0, 0, 7, 7, 245
"/Users/zhangyiyao/Desktop/project/firstapp/src/components/Register.vue", "Vue.js", 0, 0, 290, 0, 0, 0, 0, 0, 0, 0, 0, 5, 8, 303
"/Users/zhangyiyao/Desktop/project/firstapp/src/components/Research.vue", "Vue.js", 0, 0, 92, 0, 0, 0, 0, 0, 0, 0, 0, 0, 6, 98
"/Users/zhangyiyao/Desktop/project/firstapp/src/components/SvgIcon/index.vue", "Vue.js", 0, 0, 41, 0, 0, 0, 0, 0, 0, 0, 0, 0, 3, 44
"/Users/zhangyiyao/Desktop/project/firstapp/src/components/dashboard/PanelGroup.vue", "Vue.js", 0, 0, 225, 0, 0, 0, 0, 0, 0, 0, 0, 1, 24, 250
"/Users/zhangyiyao/Desktop/project/firstapp/src/components/dashboard/ShowIndex.vue", "Vue.js", 0, 0, 89, 0, 0, 0, 0, 0, 0, 0, 0, 0, 4, 93
"/Users/zhangyiyao/Desktop/project/firstapp/src/components/dashboard/index.vue", "Vue.js", 0, 0, 169, 0, 0, 0, 0, 0, 0, 0, 0, 0, 9, 178
"/Users/zhangyiyao/Desktop/project/firstapp/src/components/simulation/SimulationCard.vue", "Vue.js", 0, 0, 193, 0, 0, 0, 0, 0, 0, 0, 0, 0, 22, 215
"/Users/zhangyiyao/Desktop/project/firstapp/src/components/simulation/index.vue", "Vue.js", 0, 0, 18, 0, 0, 0, 0, 0, 0, 0, 0, 0, 3, 21
"/Users/zhangyiyao/Desktop/project/firstapp/src/components/stocknews/Predict.vue", "Vue.js", 0, 0, 0, 0, 0, 0, 0, 0, 0, 0, 0, 0, 1, 1
"/Users/zhangyiyao/Desktop/project/firstapp/src/components/stocknews/StockCard.vue", "Vue.js", 0, 0, 273, 0, 0, 0, 0, 0, 0, 0, 0, 5, 13, 291
"/Users/zhangyiyao/Desktop/project/firstapp/src/components/stocknews/index.vue", "Vue.js", 0, 0, 35, 0, 0, 0, 0, 0, 0, 0, 0, 0, 6, 41
"/Users/zhangyiyao/Desktop/project/firstapp/src/components/transaction/RecordCard.vue", "Vue.js", 0, 0, 114, 0, 0, 0, 0, 0, 0, 0, 0, 0, 6, 120
"/Users/zhangyiyao/Desktop/project/firstapp/src/components/transaction/TransCard.vue", "Vue.js", 0, 0, 265, 0, 0, 0, 0, 0, 0, 0, 0, 0, 10, 275
"/Users/zhangyiyao/Desktop/project/firstapp/src/components/transaction/index.vue", "Vue.js", 0, 0, 31, 0, 0, 0, 0, 0, 0, 0, 0, 0, 2, 33
"/Users/zhangyiyao/Desktop/project/firstapp/src/components/user/PanThumb.vue", "Vue.js", 0, 0, 122, 0, 0, 0, 0, 0, 0, 0, 0, 12, 13, 147
"/Users/zhangyiyao/Desktop/project/firstapp/src/components/user/PasswordCard.vue", "Vue.js", 0, 0, 127, 0, 0, 0, 0, 0, 0, 0, 0, 0, 8, 135
"/Users/zhangyiyao/Desktop/project/firstapp/src/components/user/RechargeCard.vue", "Vue.js", 0, 0, 93, 0, 0, 0, 0, 0, 0, 0, 0, 0, 8, 101
"/Users/zhangyiyao/Desktop/project/firstapp/src/components/user/UserCard.vue", "Vue.js", 0, 0, 293, 0, 0, 0, 0, 0, 0, 0, 0, 0, 0, 293
"/Users/zhangyiyao/Desktop/project/firstapp/src/components/user/index.vue", "Vue.js", 0, 0, 40, 0, 0, 0, 0, 0, 0, 0, 0, 4, 9, 53
"/Users/zhangyiyao/Desktop/project/firstapp/src/main.js", "JavaScript", 0, 23, 0, 0, 0, 0, 0, 0, 0, 0, 0, 3, 5, 31
"/Users/zhangyiyao/Desktop/project/firstapp/src/permission.js", "JavaScript", 0, 20, 0, 0, 0, 0, 0, 0, 0, 0, 0, 2, 4, 26
"/Users/zhangyiyao/Desktop/project/firstapp/src/router/index.js", "JavaScript", 0, 127, 0, 0, 0, 0, 0, 0, 0, 0, 0, 20, 13, 160
"/Users/zhangyiyao/Desktop/project/firstapp/src/settings.js", "JavaScript", 0, 3, 0, 0, 0, 0, 0, 0, 0, 0, 0, 0, 0, 3
"/Users/zhangyiyao/Desktop/project/firstapp/src/styles/element-ui.scss", "SCSS", 35, 0, 0, 0, 0, 0, 0, 0, 0, 0, 0, 5, 10, 50
"/Users/zhangyiyao/Desktop/project/firstapp/src/styles/index.scss", "SCSS", 46, 0, 0, 0, 0, 0, 0, 0, 0, 0, 0, 86, 30, 162
"/Users/zhangyiyao/Desktop/project/firstapp/src/styles/mixin.scss", "SCSS", 24, 0, 0, 0, 0, 0, 0, 0, 0, 0, 0, 0, 4, 28
"/Users/zhangyiyao/Desktop/project/firstapp/src/styles/sidebar.scss", "SCSS", 33, 0, 0, 0, 0, 0, 0, 0, 0, 0, 0, 66, 7, 106
"/Users/zhangyiyao/Desktop/project/firstapp/src/styles/transition.scss", "SCSS", 35, 0, 0, 0, 0, 0, 0, 0, 0, 0, 0, 4, 10, 49
"/Users/zhangyiyao/Desktop/project/firstapp/src/styles/variables.scss", "SCSS", 18, 0, 0, 0, 0, 0, 0, 0, 0, 0, 0, 3, 5, 26
"/Users/zhangyiyao/Desktop/project/firstapp/src/utils/auth.js", "JavaScript", 0, 11, 0, 0, 0, 0, 0, 0, 0, 0, 0, 0, 4, 15
"/Users/zhangyiyao/Desktop/project/firstapp/src/utils/get-page-title.js", "JavaScript", 0, 8, 0, 0, 0, 0, 0, 0, 0, 0, 0, 0, 2, 10
"/Users/zhangyiyao/Desktop/project/firstapp/src/utils/request.js", "JavaScript", 0, 32, 0, 0, 0, 0, 0, 0, 0, 0, 0, 8, 6, 46
"/Users/zhangyiyao/Desktop/project/firstapp/src/utils/validate.js", "JavaScript", 0, 39, 0, 0, 0, 0, 0, 0, 0, 0, 0, 39, 10, 88
"/Users/zhangyiyao/Desktop/project/firstapp/src/views/layout/Layout.vue", "Vue.js", 0, 0, 41, 0, 0, 0, 0, 0, 0, 0, 0, 0, 4, 45
"/Users/zhangyiyao/Desktop/project/firstapp/src/views/layout/components/AppMain.vue", "Vue.js", 0, 0, 15, 0, 0, 0, 0, 0, 0, 0, 0, 1, 1, 17
"/Users/zhangyiyao/Desktop/project/firstapp/src/views/layout/components/Navbar.vue", "Vue.js", 0, 0, 126, 0, 0, 0, 0, 0, 0, 0, 0, 3, 15, 144
"/Users/zhangyiyao/Desktop/project/firstapp/src/views/layout/components/Sidebar/SidebarItem.vue", "Vue.js", 0, 0, 34, 0, 0, 0, 0, 0, 0, 0, 0, 0, 6, 40
"/Users/zhangyiyao/Desktop/project/firstapp/src/views/layout/components/Sidebar/index.vue", "Vue.js", 0, 0, 19, 0, 0, 0, 0, 0, 0, 0, 0, 0, 4, 23
"/Users/zhangyiyao/Desktop/project/firstapp/src/views/layout/components/index.js", "JavaScript", 0, 3, 0, 0, 0, 0, 0, 0, 0, 0, 0, 0, 0, 3
"/Users/zhangyiyao/Desktop/project/firstapp/test/e2e/custom-assertions/elementCount.js", "JavaScript", 0, 18, 0, 0, 0, 0, 0, 0, 0, 0, 0, 8, 2, 28
"/Users/zhangyiyao/Desktop/project/firstapp/test/e2e/nightwatch.conf.js", "JavaScript", 0, 40, 0, 0, 0, 0, 0, 0, 0, 0, 0, 1, 6, 47
"/Users/zhangyiyao/Desktop/project/firstapp/test/e2e/runner.js", "JavaScript", 0, 33, 0, 0, 0, 0, 0, 0, 0, 0, 0, 8, 8, 49
"/Users/zhangyiyao/Desktop/project/firstapp/test/e2e/specs/test.js", "JavaScript", 0, 12, 0, 0, 0, 0, 0, 0, 0, 0, 0, 5, 3, 20
"/Users/zhangyiyao/Desktop/project/firstapp/test/unit/jest.conf.js", "JavaScript", 0, 27, 0, 0, 0, 0, 0, 0, 0, 0, 0, 3, 1, 31
"/Users/zhangyiyao/Desktop/project/firstapp/test/unit/setup.js", "JavaScript", 0, 2, 0, 0, 0, 0, 0, 0, 0, 0, 0, 0, 2, 4
"/Users/zhangyiyao/Desktop/project/firstapp/test/unit/specs/HelloWorld.spec.js", "JavaScript", 0, 10, 0, 0, 0, 0, 0, 0, 0, 0, 0, 0, 2, 12
"/Users/zhangyiyao/Desktop/project/firstapp/vue.config.js", "JavaScript", 0, 27, 0, 0, 0, 0, 0, 0, 0, 0, 0, 2, 4, 33
"/Users/zhangyiyao/Desktop/project/pythonhandler/handler/base.py", "Python", 0, 0, 0, 0, 0, 0, 0, 0, 20, 0, 0, 7, 6, 33
"/Users/zhangyiyao/Desktop/project/pythonhandler/handler/conn.py", "Python", 0, 0, 0, 0, 0, 0, 0, 0, 9, 0, 0, 0, 2, 11
"/Users/zhangyiyao/Desktop/project/pythonhandler/handler/dashboard.py", "Python", 0, 0, 0, 0, 0, 0, 0, 0, 25, 0, 0, 0, 2, 27
"/Users/zhangyiyao/Desktop/project/pythonhandler/handler/forgetpassword.py", "Python", 0, 0, 0, 0, 0, 0, 0, 0, 31, 0, 0, 0, 2, 33
"/Users/zhangyiyao/Desktop/project/pythonhandler/handler/getstock.py", "Python", 0, 0, 0, 0, 0, 0, 0, 0, 18, 0, 0, 2, 3, 23
"/Users/zhangyiyao/Desktop/project/pythonhandler/handler/login.py", "Python", 0, 0, 0, 0, 0, 0, 0, 0, 29, 0, 0, 10, 8, 47
"/Users/zhangyiyao/Desktop/project/pythonhandler/handler/predict/data/000001.csv", "CSV", 0, 0, 0, 0, 0, 0, 0, 0, 0, 0, 7642, 0, 1, 7643
"/Users/zhangyiyao/Desktop/project/pythonhandler/handler/predict/gru_predict.py", "Python", 0, 0, 0, 0, 0, 0, 0, 0, 12, 0, 0, 3, 4, 19
"/Users/zhangyiyao/Desktop/project/pythonhandler/handler/predict/lstm_predict.py", "Python", 0, 0, 0, 0, 0, 0, 0, 0, 12, 0, 0, 3, 5, 20
"/Users/zhangyiyao/Desktop/project/pythonhandler/handler/predict/predict.py", "Python", 0, 0, 0, 0, 0, 0, 0, 0, 94, 0, 0, 6, 16, 116
"/Users/zhangyiyao/Desktop/project/pythonhandler/handler/register.py", "Python", 0, 0, 0, 0, 0, 0, 0, 0, 39, 0, 0, 11, 8, 58
"/Users/zhangyiyao/Desktop/project/pythonhandler/handler/research.py", "Python", 0, 0, 0, 0, 0, 0, 0, 0, 16, 0, 0, 0, 3, 19
"/Users/zhangyiyao/Desktop/project/pythonhandler/handler/simulation.py", "Python", 0, 0, 0, 0, 0, 0, 0, 0, 39, 0, 0, 0, 3, 42
"/Users/zhangyiyao/Desktop/project/pythonhandler/handler/stocknews.py", "Python", 0, 0, 0, 0, 0, 0, 0, 0, 152, 0, 0, 6, 6, 164
"/Users/zhangyiyao/Desktop/project/pythonhandler/handler/tempCodeRunnerFile.py", "Python", 0, 0, 0, 0, 0, 0, 0, 0, 1, 0, 0, 0, 0, 1
"/Users/zhangyiyao/Desktop/project/pythonhandler/handler/test.py", "Python", 0, 0, 0, 0, 0, 0, 0, 0, 0, 0, 0, 0, 1, 1
"/Users/zhangyiyao/Desktop/project/pythonhandler/handler/transaction.py", "Python", 0, 0, 0, 0, 0, 0, 0, 0, 153, 0, 0, 0, 4, 157
"/Users/zhangyiyao/Desktop/project/pythonhandler/handler/userinfo.py", "Python", 0, 0, 0, 0, 0, 0, 0, 0, 120, 0, 0, 0, 4, 124
"/Users/zhangyiyao/Desktop/project/pythonhandler/main.py", "Python", 0, 0, 0, 0, 0, 0, 0, 0, 47, 0, 0, 0, 6, 53
"/Users/zhangyiyao/Desktop/project/pythonhandler/model/GATs/LS_LA.xlsx", "Excel", 0, 0, 0, 0, 0, 0, 0, 0, 0, 272, 0, 0, 1, 273
"/Users/zhangyiyao/Desktop/project/pythonhandler/model/GATs/all_risk_analysis.xlsx", "Excel", 0, 0, 0, 0, 0, 0, 0, 0, 0, 49, 0, 0, 0, 49
"/Users/zhangyiyao/Desktop/project/pythonhandler/model/GATs/group_return.xlsx", "Excel", 0, 0, 0, 0, 0, 0, 0, 0, 0, 747, 0, 0, 8, 755
"/Users/zhangyiyao/Desktop/project/pythonhandler/model/GATs/ic_df.xlsx", "Excel", 0, 0, 0, 0, 0, 0, 0, 0, 0, 150, 0, 0, 0, 150
"/Users/zhangyiyao/Desktop/project/pythonhandler/model/GATs/monthly_ic.xlsx", "Excel", 0, 0, 0, 0, 0, 0, 0, 0, 0, 59, 0, 0, 1, 60
"/Users/zhangyiyao/Desktop/project/pythonhandler/model/GATs/monthly_risk_analysis.xlsx", "Excel", 0, 0, 0, 0, 0, 0, 0, 0, 0, 160, 0, 0, 0, 160
"/Users/zhangyiyao/Desktop/project/pythonhandler/model/GATs/port_info.xlsx", "Excel", 0, 0, 0, 0, 0, 0, 0, 0, 0, 6335, 0, 0, 34, 6369
"/Users/zhangyiyao/Desktop/project/pythonhandler/model/GATs/pred_autocorr.xlsx", "Excel", 0, 0, 0, 0, 0, 0, 0, 0, 0, 159, 0, 0, 1, 160
"/Users/zhangyiyao/Desktop/project/pythonhandler/model/GATs/report_info.xlsx", "Excel", 0, 0, 0, 0, 0, 0, 0, 0, 0, 862, 0, 0, 9, 871
"/Users/zhangyiyao/Desktop/project/pythonhandler/model/GATs/scoreic_info.xlsx", "Excel", 0, 0, 0, 0, 0, 0, 0, 0, 0, 363, 0, 0, 3, 366
"/Users/zhangyiyao/Desktop/project/pythonhandler/model/GRU/LS_LA.xlsx", "Excel", 0, 0, 0, 0, 0, 0, 0, 0, 0, 327, 0, 0, 2, 329
"/Users/zhangyiyao/Desktop/project/pythonhandler/model/GRU/all_risk_analysis.xlsx", "Excel", 0, 0, 0, 0, 0, 0, 0, 0, 0, 47, 0, 0, 0, 47
"/Users/zhangyiyao/Desktop/project/pythonhandler/model/GRU/group_return.xlsx", "Excel", 0, 0, 0, 0, 0, 0, 0, 0, 0, 844, 0, 0, 5, 849
"/Users/zhangyiyao/Desktop/project/pythonhandler/model/GRU/ic_df.xlsx", "Excel", 0, 0, 0, 0, 0, 0, 0, 0, 0, 145, 0, 0, 0, 145
"/Users/zhangyiyao/Desktop/project/pythonhandler/model/GRU/monthly_ic.xlsx", "Excel", 0, 0, 0, 0, 0, 0, 0, 0, 0, 50, 0, 0, 0, 50
"/Users/zhangyiyao/Desktop/project/pythonhandler/model/GRU/monthly_risk_analysis.xlsx", "Excel", 0, 0, 0, 0, 0, 0, 0, 0, 0, 141, 0, 0, 2, 143
"/Users/zhangyiyao/Desktop/project/pythonhandler/model/GRU/port_info.xlsx", "Excel", 0, 0, 0, 0, 0, 0, 0, 0, 0, 5788, 0, 0, 20, 5808
"/Users/zhangyiyao/Desktop/project/pythonhandler/model/GRU/pred_autocorr.xlsx", "Excel", 0, 0, 0, 0, 0, 0, 0, 0, 0, 133, 0, 0, 0, 133
"/Users/zhangyiyao/Desktop/project/pythonhandler/model/GRU/report_info.xlsx", "Excel", 0, 0, 0, 0, 0, 0, 0, 0, 0, 835, 0, 0, 3, 838
"/Users/zhangyiyao/Desktop/project/pythonhandler/model/GRU/scoreic_info.xlsx", "Excel", 0, 0, 0, 0, 0, 0, 0, 0, 0, 378, 0, 0, 1, 379
"/Users/zhangyiyao/Desktop/project/pythonhandler/model/LGBM/.~all_risk_analysis.xlsx", "Excel", 0, 0, 0, 0, 0, 0, 0, 0, 0, 2, 0, 0, 1, 3
"/Users/zhangyiyao/Desktop/project/pythonhandler/model/LGBM/.~port_info.xlsx", "Excel", 0, 0, 0, 0, 0, 0, 0, 0, 0, 2, 0, 0, 1, 3
"/Users/zhangyiyao/Desktop/project/pythonhandler/model/LGBM/.~report_info.xlsx", "Excel", 0, 0, 0, 0, 0, 0, 0, 0, 0, 2, 0, 0, 1, 3
"/Users/zhangyiyao/Desktop/project/pythonhandler/model/LGBM/.~scoreic_info.xlsx", "Excel", 0, 0, 0, 0, 0, 0, 0, 0, 0, 2, 0, 0, 1, 3
"/Users/zhangyiyao/Desktop/project/pythonhandler/model/LGBM/LS_LA.xlsx", "Excel", 0, 0, 0, 0, 0, 0, 0, 0, 0, 261, 0, 0, 0, 261
"/Users/zhangyiyao/Desktop/project/pythonhandler/model/LGBM/all_risk_analysis.xlsx", "Excel", 0, 0, 0, 0, 0, 0, 0, 0, 0, 78, 0, 0, 0, 78
"/Users/zhangyiyao/Desktop/project/pythonhandler/model/LGBM/group_return.xlsx", "Excel", 0, 0, 0, 0, 0, 0, 0, 0, 0, 920, 0, 0, 13, 933
"/Users/zhangyiyao/Desktop/project/pythonhandler/model/LGBM/ic_df.xlsx", "Excel", 0, 0, 0, 0, 0, 0, 0, 0, 0, 157, 0, 0, 0, 157
"/Users/zhangyiyao/Desktop/project/pythonhandler/model/LGBM/monthly_ic.xlsx", "Excel", 0, 0, 0, 0, 0, 0, 0, 0, 0, 79, 0, 0, 0, 79
"/Users/zhangyiyao/Desktop/project/pythonhandler/model/LGBM/monthly_risk_analysis.xlsx", "Excel", 0, 0, 0, 0, 0, 0, 0, 0, 0, 200, 0, 0, 1, 201
"/Users/zhangyiyao/Desktop/project/pythonhandler/model/LGBM/port_info.xlsx", "Excel", 0, 0, 0, 0, 0, 0, 0, 0, 0, 6353, 0, 0, 30, 6383
"/Users/zhangyiyao/Desktop/project/pythonhandler/model/LGBM/pred_autocorr.xlsx", "Excel", 0, 0, 0, 0, 0, 0, 0, 0, 0, 260, 0, 0, 0, 260
"/Users/zhangyiyao/Desktop/project/pythonhandler/model/LGBM/report_info.xlsx", "Excel", 0, 0, 0, 0, 0, 0, 0, 0, 0, 970, 0, 0, 8, 978
"/Users/zhangyiyao/Desktop/project/pythonhandler/model/LGBM/scoreic_info.xlsx", "Excel", 0, 0, 0, 0, 0, 0, 0, 0, 0, 291, 0, 0, 0, 291
"/Users/zhangyiyao/Desktop/project/pythonhandler/model/Linear/LS_LA.xlsx", "Excel", 0, 0, 0, 0, 0, 0, 0, 0, 0, 308, 0, 0, 2, 310
"/Users/zhangyiyao/Desktop/project/pythonhandler/model/Linear/all_risk_analysis.xlsx", "Excel", 0, 0, 0, 0, 0, 0, 0, 0, 0, 44, 0, 0, 0, 44
"/Users/zhangyiyao/Desktop/project/pythonhandler/model/Linear/group_return.xlsx", "Excel", 0, 0, 0, 0, 0, 0, 0, 0, 0, 845, 0, 0, 9, 854
"/Users/zhangyiyao/Desktop/project/pythonhandler/model/Linear/ic_df.xlsx", "Excel", 0, 0, 0, 0, 0, 0, 0, 0, 0, 149, 0, 0, 0, 149
"/Users/zhangyiyao/Desktop/project/pythonhandler/model/Linear/monthly_ic.xlsx", "Excel", 0, 0, 0, 0, 0, 0, 0, 0, 0, 55, 0, 0, 0, 55
"/Users/zhangyiyao/Desktop/project/pythonhandler/model/Linear/monthly_risk_analysis.xlsx", "Excel", 0, 0, 0, 0, 0, 0, 0, 0, 0, 164, 0, 0, 0, 164
"/Users/zhangyiyao/Desktop/project/pythonhandler/model/Linear/port_info.xlsx", "Excel", 0, 0, 0, 0, 0, 0, 0, 0, 0, 5754, 0, 0, 19, 5773
"/Users/zhangyiyao/Desktop/project/pythonhandler/model/Linear/pred_autocorr.xlsx", "Excel", 0, 0, 0, 0, 0, 0, 0, 0, 0, 139, 0, 0, 1, 140
"/Users/zhangyiyao/Desktop/project/pythonhandler/model/Linear/report_info.xlsx", "Excel", 0, 0, 0, 0, 0, 0, 0, 0, 0, 911, 0, 0, 4, 915
"/Users/zhangyiyao/Desktop/project/pythonhandler/model/Linear/scoreic_info.xlsx", "Excel", 0, 0, 0, 0, 0, 0, 0, 0, 0, 329, 0, 0, 0, 329
"/Users/zhangyiyao/Desktop/project/pythonhandler/model/MLP/LS_LA.xlsx", "Excel", 0, 0, 0, 0, 0, 0, 0, 0, 0, 281, 0, 0, 1, 282
"/Users/zhangyiyao/Desktop/project/pythonhandler/model/MLP/all_risk_analysis.xlsx", "Excel", 0, 0, 0, 0, 0, 0, 0, 0, 0, 46, 0, 0, 0, 46
"/Users/zhangyiyao/Desktop/project/pythonhandler/model/MLP/group_return.xlsx", "Excel", 0, 0, 0, 0, 0, 0, 0, 0, 0, 781, 0, 0, 6, 787
"/Users/zhangyiyao/Desktop/project/pythonhandler/model/MLP/ic_df.xlsx", "Excel", 0, 0, 0, 0, 0, 0, 0, 0, 0, 177, 0, 0, 0, 177
"/Users/zhangyiyao/Desktop/project/pythonhandler/model/MLP/monthly_ic.xlsx", "Excel", 0, 0, 0, 0, 0, 0, 0, 0, 0, 51, 0, 0, 0, 51
"/Users/zhangyiyao/Desktop/project/pythonhandler/model/MLP/monthly_risk_analysis.xlsx", "Excel", 0, 0, 0, 0, 0, 0, 0, 0, 0, 129, 0, 0, 0, 129
"/Users/zhangyiyao/Desktop/project/pythonhandler/model/MLP/port_info.xlsx", "Excel", 0, 0, 0, 0, 0, 0, 0, 0, 0, 5665, 0, 0, 21, 5686
"/Users/zhangyiyao/Desktop/project/pythonhandler/model/MLP/pred_autocorr.xlsx", "Excel", 0, 0, 0, 0, 0, 0, 0, 0, 0, 186, 0, 0, 1, 187
"/Users/zhangyiyao/Desktop/project/pythonhandler/model/MLP/report_info.xlsx", "Excel", 0, 0, 0, 0, 0, 0, 0, 0, 0, 990, 0, 0, 9, 999
"/Users/zhangyiyao/Desktop/project/pythonhandler/model/MLP/scoreic_info.xlsx", "Excel", 0, 0, 0, 0, 0, 0, 0, 0, 0, 391, 0, 0, 4, 395
"/Users/zhangyiyao/Desktop/project/pythonhandler/model/TabNet/LS_LA.xlsx", "Excel", 0, 0, 0, 0, 0, 0, 0, 0, 0, 296, 0, 0, 1, 297
"/Users/zhangyiyao/Desktop/project/pythonhandler/model/TabNet/all_risk_analysis.xlsx", "Excel", 0, 0, 0, 0, 0, 0, 0, 0, 0, 48, 0, 0, 0, 48
"/Users/zhangyiyao/Desktop/project/pythonhandler/model/TabNet/group_return.xlsx", "Excel", 0, 0, 0, 0, 0, 0, 0, 0, 0, 767, 0, 0, 6, 773
"/Users/zhangyiyao/Desktop/project/pythonhandler/model/TabNet/ic_df.xlsx", "Excel", 0, 0, 0, 0, 0, 0, 0, 0, 0, 147, 0, 0, 0, 147
"/Users/zhangyiyao/Desktop/project/pythonhandler/model/TabNet/monthly_ic.xlsx", "Excel", 0, 0, 0, 0, 0, 0, 0, 0, 0, 55, 0, 0, 0, 55
"/Users/zhangyiyao/Desktop/project/pythonhandler/model/TabNet/monthly_risk_analysis.xlsx", "Excel", 0, 0, 0, 0, 0, 0, 0, 0, 0, 145, 0, 0, 1, 146
"/Users/zhangyiyao/Desktop/project/pythonhandler/model/TabNet/port_info.xlsx", "Excel", 0, 0, 0, 0, 0, 0, 0, 0, 0, 5442, 0, 0, 20, 5462
"/Users/zhangyiyao/Desktop/project/pythonhandler/model/TabNet/pred_autocorr.xlsx", "Excel", 0, 0, 0, 0, 0, 0, 0, 0, 0, 146, 0, 0, 0, 146
"/Users/zhangyiyao/Desktop/project/pythonhandler/model/TabNet/report_info.xlsx", "Excel", 0, 0, 0, 0, 0, 0, 0, 0, 0, 918, 0, 0, 3, 921
"/Users/zhangyiyao/Desktop/project/pythonhandler/model/TabNet/scoreic_info.xlsx", "Excel", 0, 0, 0, 0, 0, 0, 0, 0, 0, 405, 0, 0, 1, 406
"Total", "-", 191, 970, 5500, 37181, 20, 11, 5, 46, 817, 53185, 7642, 587, 811, 106966